{
    "constants": [
        {
            "ID": 0,
            "extrinsics": [
                [742.99499235,     0.0,              604.94838845], 
                [0.0,              742.73886232,     328.08551455], 
                [0.0,              0.0,              1.0         ]
            ],
            "distortion": [
                 0.11420655,
                -0.15052927,
                -0.00108278,
                -0.00110062,
                 0.00641437
            ]
        },
        {
            "ID": 1,
            "extrinsics": [
                [744.7000623, 0.0,              633.2284958], 
                [0.0,              744.0137338, 405.061659], 
                [0.0,              0.0,              1.0              ]
            ],
            "distortion": [
                 0.12362123,
                -0.1813243,
                -0.00033669,
                 0.0008681,
                 0.02975807
            ]
        },
        {
            "ID": 2,
            "extrinsics": [
                [736.4895373,      0.0,              641.224034 ], 
                [0.0,              736.5322443,      400.0809143], 
                [0.0,              0.0,              1.0        ]
            ],
            "distortion": [
                 0.07560864,
                 0.06174792,
                 0.00259571,
                -0.00063976,
                -0.27502792
            ]
        }
    ]
}
