{
    "constants": [
        {
            "ID": 0,
            "extrinsics": [
                [742.483468466319, 0.0,              637.2421086110966], 
                [0.0,              741.833232408462, 401.5930628745256], 
                [0.0,              0.0,              1.0              ]
            ],
            "distortion": [
                 0.10050662325551381,
                -0.048995749738143635, 
                -0.0014568776758625078, 
                 0.0012852294132110506,
                -0.15731800217755504
            ]
        },
        {
            "ID": 1,
            "extrinsics": [
                [742.483468466319, 0.0,              637.2421086110966], 
                [0.0,              741.833232408462, 401.5930628745256], 
                [0.0,              0.0,              1.0              ]
            ],
            "distortion": [
                 0.10050662325551381,
                -0.048995749738143635, 
                -0.0014568776758625078, 
                 0.0012852294132110506,
                -0.15731800217755504
            ]
        },
        {
            "ID": 2,
            "extrinsics": [
                [742.483468466319, 0.0,              637.2421086110966], 
                [0.0,              741.833232408462, 401.5930628745256], 
                [0.0,              0.0,              1.0              ]
            ],
            "distortion": [
                 0.10050662325551381,
                -0.048995749738143635, 
                -0.0014568776758625078, 
                 0.0012852294132110506,
                -0.15731800217755504
            ]
        }
    ]
}